X,Y,OBJECTID,ADDRESS,STREETADDR,City,County,State,ZIP,ANCHORNAME,TELEPHONE,EMAIL,SYSTEMURL
-8774028.76,4815055.8009,1,"815 NATIONAL HWY, LAVALE, MD, 21502",815 National Hwy,Lavale,Allegany,MD,21502,LaVale Library,301-729-0855,library-lavale@alleganycountylibrary.info,https://directory.sailor.lib.md.us/library/info/?id=1
-8786105.1423,4816120.6242,2,"65 E MAIN ST, FROSTBURG, MD, 21532",65 E Main St,Frostburg,Allegany,MD,21532,Frostburg Library,301-687-0790,library-frostburg@alleganycountylibrary.info,https://directory.sailor.lib.md.us/library/info/?id=1
-8523581.75,4718920.4174,3,"5 HARRY S TRUMAN PKWY, ANNAPOLIS, MD, 21401",5 Harry S Truman Pkwy,Annapolis,Anne Arundel,MD,21401,HEADQUARTERS/Administrative Office,410-222-7371,See Website,https://directory.sailor.lib.md.us/library/info/?id=2
-8519335.0436,4719428.8668,4,"2000 CAPITAL DR, ANNAPOLIS, MD, 21401",2000 Capital Dr,Annapolis,Anne Arundel,MD,21401,Annapolis Library,410-222-1750,ann@aacpl.net,https://directory.sailor.lib.md.us/library/info/?id=2
-8521862.1406,4690728.4255,5,"5940 DEALE CHURCHTON ROAD, DEALE, MD, 20751",5940 Deale Churchton Road,Deale,Anne Arundel,MD,20751,Deale Community Library,410-222-1925,sco@aacpl.net,https://directory.sailor.lib.md.us/library/info/?id=2
-8768746.7823,4815449.2995,6,"311 WASHINGTON ST, CUMBERLAND, MD, 21502",311 Washington St,Cumberland,Allegany,MD,21502,Washington Street Library,301-777-1200,library-wash@alleganycountylibrary.info,https://directory.sailor.lib.md.us/library/info/?id=1
-8515173.9325,4714218.3661,7,"269 HILLSMERE DR, ANNAPOLIS, MD, 21403",269 Hillsmere Dr,Annapolis,Anne Arundel,MD,21403,Eastport-Annapolis Neck Community Library,410-222-1770,ean@aacpl.net,https://directory.sailor.lib.md.us/library/info/?id=2
-8535914.9189,4723612.7581,8,"1681 RIEDEL ROAD, CROFTON, MD, 21114",1681 Riedel Road,Crofton,Anne Arundel,MD,21114,Crofton Community Library,410-222-7915,cro@aacpl.net,https://directory.sailor.lib.md.us/library/info/?id=2
-8522392.4565,4711691.1641,9,"25 STEPNEYS LN, EDGEWATER, MD, 21037",25 Stepneys Ln,Edgewater,Anne Arundel,MD,21037,Edgewater Community Library,410-222-1538,edg@aacpl.net,https://directory.sailor.lib.md.us/library/info/?id=2
-8533521.3115,4750617.9196,10,"400 SHIPLEY ROAD, LINTHICUM HEIGHTS, MD, 21090",400 Shipley Road,Linthicum Heights,Anne Arundel,MD,21090,Linthicum Community Library,410-222-6265,lin@aacpl.net,https://directory.sailor.lib.md.us/library/info/?id=2
-8549774.4053,4736291.717,11,"3501 RUSSETT CMN, LAUREL, MD, 20724",3501 Russett Cmn,Laurel,Anne Arundel,MD,20724,Maryland City at Russett Community Library,301-725-2390,mdc@aacpl.net,https://directory.sailor.lib.md.us/library/info/?id=2
-8518842.6329,4742504.257,12,"1130 DUVALL HWY, PASADENA, MD, 21122",1130 Duvall Hwy,Pasadena,Anne Arundel,MD,21122,Riviera Beach Community Library,410-222-6285,riv@aacpl.net,https://directory.sailor.lib.md.us/library/info/?id=2
-8512201.7879,4736802.6851,13,"4730 MOUNTAIN ROAD, PASADENA, MD, 21122",4730 Mountain Road,Pasadena,Anne Arundel,MD,21122,Mountain Road Community Library,410-222-6699,mtr@aacpl.net,https://directory.sailor.lib.md.us/library/info/?id=2
-8542335.4133,4740458.4088,14,"2624 ANNAPOLIS ROAD, SEVERN, MD, 21144",2624 Annapolis Road,Severn,Anne Arundel,MD,21144,Severn Community Library,410-222-6280,pro@aacpl.net,https://directory.sailor.lib.md.us/library/info/?id=2
-8538227.3759,4734176.8245,15,"1325 ANNAPOLIS ROAD, ODENTON, MD, 21113",1325 Annapolis Road,Odenton,Anne Arundel,MD,21113,Odenton Regional Library,410-222-6277,wco@aacpl.net,https://directory.sailor.lib.md.us/library/info/?id=2
-8520929.1458,4732106.9737,16,"45 MCKINSEY ROAD, SEVERNA PARK, MD, 21146",45 Mckinsey Road,Severna Park,Anne Arundel,MD,21146,Severna Park Community Library,410-222-6290,spk@aacpl.net,https://directory.sailor.lib.md.us/library/info/?id=2
-8536995.4627,4763847.4565,17,"4330 EDMONDSON AVE, CARROLL, MD, 21229",4330 Edmondson Ave,Carroll,Baltimore City,MD,21229,Edmondson Avenue Branch,410-396-0946,edm@prattlibrary.org,https://directory.sailor.lib.md.us/library/info/?id=3
-8522428.4115,4772866.1901,18,"5910 HARFORD ROAD, BALTIMORE, MD, 21214",5910 Harford Road,Baltimore,Baltimore City,MD,21214,Hamilton Branch,410-396-6088,hml@prattlibrary.org,https://directory.sailor.lib.md.us/library/info/?id=3
-8530322.976,4787827.0535,19,"9833 GREENSIDE DR, COCKEYSVILLE, MD, 21030",9833 Greenside Dr,Cockeysville,Baltimore,MD,21030,Cockeysville Branch,410-887-7750,See Website,https://directory.sailor.lib.md.us/library/info/?id=4
-8536053.0479,4768108.1589,20,"3023 GARRISON BLVD, BALTIMORE, MD, 21216",3023 Garrison Blvd,Baltimore,Baltimore City,MD,21216,Forest Park Branch,410-396-0942,frs@prattlibrary.org,https://directory.sailor.lib.md.us/library/info/?id=3
-8534175.0418,4806511.0736,21,"16940 YORK ROAD, MONKTON, MD, 21111",16940 York Road,Monkton,Baltimore,MD,21111,Hereford Branch,410-887-1919,See Website,https://directory.sailor.lib.md.us/library/info/?id=4
-8511916.4056,4766873.5383,22,"1110 EASTERN BLVD, ESSEX, MD, 21221",1110 Eastern Blvd,Essex,Baltimore,MD,21221,Essex Branch,410-887-0295,See Website,https://directory.sailor.lib.md.us/library/info/?id=4
-8542662.7693,4760486.955,23,"1100 FREDERICK ROAD, CATONSVILLE, MD, 21228",1100 Frederick Road,Catonsville,Baltimore,MD,21228,Catonsville Branch,410-887-0951,See Website,https://directory.sailor.lib.md.us/library/info/?id=4
-8516402.749,4760368.6275,24,"1716 MERRITT BLVD, DUNDALK, MD, 21222",1716 Merritt Blvd,Dundalk,Baltimore,MD,21222,North Point Branch,410-887-7255,See Website,https://directory.sailor.lib.md.us/library/info/?id=4
-8524089.2982,4776889.4845,25,"1046 TAYLOR AVE, TOWSON, MD, 21286",1046 Taylor Ave,Towson,Baltimore,MD,21286,Loch Raven,410-887-4444,See Website,https://directory.sailor.lib.md.us/library/info/?id=4
-8523632.5016,4766946.4024,26,"3801 ERDMAN AVE, CLIFTON, MD, 21213",3801 Erdman Ave,Clifton,Baltimore City,MD,21213,Herring Run Branch,410-396-0996,hrr@prattlibrary.org,https://directory.sailor.lib.md.us/library/info/?id=3
-8533049.7983,4756644.8596,27,"500 3RD AVE, HALETHORPE, MD, 21227",500 3Rd Ave,Halethorpe,Baltimore,MD,21227,Lansdowne Branch,410-887-5602,See Website,https://directory.sailor.lib.md.us/library/info/?id=4
-8528321.6333,4773304.0652,28,"5714 BELLONA AVE, GOVANS, MD, 21212",5714 Bellona Ave,Govans,Baltimore City,MD,21212,Govans Branch,410-396-6098,gvn@prattlibrary.org,https://directory.sailor.lib.md.us/library/info/?id=3
-8527806.5057,4755809.9151,29,"300 E PATAPSCO AVE, BROOKLYN, MD, 21225",300 E Patapsco Ave,Brooklyn,Baltimore City,MD,21225,Brooklyn Branch,410-396-1120,brk@prattlibrary.org,https://directory.sailor.lib.md.us/library/info/?id=3
-8530967.5476,4769385.4208,30,"3641 FALLS ROAD, BALTIMORE, MD, 21211",3641 Falls Road,Baltimore,Baltimore City,MD,21211,Hampden Branch,410-396-6043,hmp@prattlibrary.org,https://directory.sailor.lib.md.us/library/info/?id=3
-8528388.452,4761132.8405,31,"1251 LIGHT ST, MORRELL PARK, MD, 21230",1251 Light St,Morrell Park,Baltimore City,MD,21230,Light Street Branch,410-396-1096,lgh@prattlibrary.org,https://directory.sailor.lib.md.us/library/info/?id=3
-8539366.269,4756346.1795,32,"855 SULPHUR SPRING ROAD, HALETHORPE, MD, 21227",855 Sulphur Spring Road,Halethorpe,Baltimore,MD,21227,Arbutus Branch,410-887-1451,See Website,https://directory.sailor.lib.md.us/library/info/?id=4
-8540804.0027,4775630.4982,33,"1301 REISTERSTOWN ROAD, PIKESVILLE, MD, 21208",1301 Reisterstown Road,Pikesville,Baltimore,MD,21208,Pikesville Branch,410-887-1234,See Website,https://directory.sailor.lib.md.us/library/info/?id=4
-8547002.1523,4773659.9112,34,"8604 LIBERTY ROAD, RANDALLSTOWN, MD, 21133",8604 Liberty Road,Randallstown,Baltimore,MD,21133,Randallstown Branch,410-887-0770,See Website,https://directory.sailor.lib.md.us/library/info/?id=4
-8518733.2384,4778190.2034,35,"9509 HARFORD ROAD, PARKVILLE, MD, 21234",9509 Harford Road,Parkville,Baltimore,MD,21234,Parkville-Carney Branch,410-887-5353,See Website,https://directory.sailor.lib.md.us/library/info/?id=4
-8767457.5759,4813364.9299,36,"100 Seymour St, CUMBERLAND, MD, 21502",100 Seymour St,Cumberland,Allegany,MD,21502,South Cumberland Library,301-724-1607,library-south@alleganycountylibrary.info,https://directory.sailor.lib.md.us/library/info/?id=1
-8552789.1162,4788310.173,37,"21 COCKEYS MILL ROAD, REISTERSTOWN, MD, 21136",21 Cockeys Mill Road,Reisterstown,Baltimore,MD,21136,Reisterstown Branch,410-887-1165,See Website,https://directory.sailor.lib.md.us/library/info/?id=4
-8526116.885,4766651.3574,38,"2001 N WOLFE ST, CLIFTON, MD, 21213",2001 N Wolfe St,Clifton,Baltimore City,MD,21213,Clifton Branch,410-396-0984,clf@prattlibrary.org,https://directory.sailor.lib.md.us/library/info/?id=3
-8510438.1057,4781309.8392,39,"9685 HONEYGO BLVD, PERRY HALL, MD, 21128",9685 Honeygo Blvd,Perry Hall,Baltimore,MD,21128,Perry Hall Branch,410-887-5195,See Website,https://directory.sailor.lib.md.us/library/info/?id=4
-8799219.4153,4791454.3773,40,"66 Main St, WESTERNPORT, MD, 21562",66 Main St,Westernport,Allegany,MD,21562,Westernport Library,301-359-0455,library-westernport@alleganycountylibrary.info,https://directory.sailor.lib.md.us/library/info/?id=1
-8524472.1475,4763995.3863,41,"158 N LINWOOD AVE, HIGHLANDTOWN, MD, 21224",158 N Linwood Ave,Highlandtown,Baltimore City,MD,21224,Patterson Park Branch,410-396-0983,ptt@prattlibrary.org,https://directory.sailor.lib.md.us/library/info/?id=3
-8527344.1211,4778974.0217,42,"320 YORK ROAD, TOWSON, MD, 21204",320 York Road,Towson,Baltimore,MD,21204,Towson Branch,410-887-6166,See Website,https://directory.sailor.lib.md.us/library/info/?id=4
-8530974.6598,4772788.1659,43,"5108 ROLAND AVE, ROLAND PARK, MD, 21210",5108 Roland Ave,Roland Park,Baltimore City,MD,21210,Roland Park Branch,410-396-6099,rln@prattlibrary.org,https://directory.sailor.lib.md.us/library/info/?id=3
-8531571.0169,4677568.5818,44,"8120 SOUTHERN MARYLAND BLVD, OWINGS, MD, 20736",8120 Southern Maryland Blvd,Owings,Calvert,MD,20736,Fairview Branch,410-257-2101,See Website,https://directory.sailor.lib.md.us/library/info/?id=5
-8538270.1255,4772592.0374,45,"6310 REISTERSTOWN ROAD, ARLINGTON, MD, 21215",6310 Reisterstown Road,Arlington,Baltimore City,MD,21215,Reisterstown Road Branch,410-396-0948,rst@prattlibrary.org,https://directory.sailor.lib.md.us/library/info/?id=3
-8516632.403,4770905.1294,46,"6105 KENWOOD AVE, ROSEDALE, MD, 21237",6105 Kenwood Ave,Rosedale,Baltimore,MD,21237,Rosedale Branch,410-887-0512,See Website,https://directory.sailor.lib.md.us/library/info/?id=4
-8535048.5929,4765965.0556,47,"3203 W NORTH AVE, BALTIMORE, MD, 21216",3203 W North Ave,Baltimore,Baltimore City,MD,21216,Walbrook Branch,410-396-0935,wlb@prattlibrary.org,https://directory.sailor.lib.md.us/library/info/?id=3
-8512658.4664,4775087.6994,48,"8133 SANDPIPER CIR, NOTTINGHAM, MD, 21236",8133 Sandpiper Cir,Nottingham,Baltimore,MD,21236,White Marsh Branch,410-887-5097,See Website,https://directory.sailor.lib.md.us/library/info/?id=4
-8526246.7444,4771296.4701,49,"4420 LOCH RAVEN BLVD, BALTIMORE, MD, 21218",4420 Loch Raven Blvd,Baltimore,Baltimore City,MD,21218,Northwood Branch,410-396-6076,nrt@prattlibrary.org,https://directory.sailor.lib.md.us/library/info/?id=3
-8528254.864,4768864.9714,50,"400 E 33RD ST, BALTIMORE, MD, 21218",400 E 33Rd St,Baltimore,Baltimore City,MD,21218,Waverly Branch,410-396-6053,wvr@prattlibrary.org,https://directory.sailor.lib.md.us/library/info/?id=3
-8523363.1704,4762754.8028,51,"3601 EASTERN AVE, HIGHLANDTOWN, MD, 21224",3601 Eastern Ave,Highlandtown,Baltimore City,MD,21224,Southeast Anchor Library,410-396-1580,sel@prattlibrary.org,https://directory.sailor.lib.md.us/library/info/?id=3
-8531734.2071,4766153.1523,52,"1531 W NORTH AVE, DRUID, MD, 21217",1531 W North Ave,Druid,Baltimore City,MD,21217,Pennsylvania Avenue Branch,410-396-0399,pnn@prattlibrary.org,https://directory.sailor.lib.md.us/library/info/?id=3
-8512096.5916,4627103.2916,53,"13920 HG TRUEMAN ROAD, SOLOMONS, MD, 20688",13920 Hg Trueman Road,Solomons,Calvert,MD,20688,Southern Branch,410-326-5289,See Website,https://directory.sailor.lib.md.us/library/info/?id=5
-8526992.4355,4658276.3861,54,"850 COSTLEY WAY, PRINCE FREDERICK, MD, 20678",850 Costley Way,Prince Frederick,Calvert,MD,20678,Prince Frederick Branch,410-535-0291301-855-1862,See Website,https://directory.sailor.lib.md.us/library/info/?id=5
-8542281.6605,4767150.4321,55,"1811 WOODLAWN DR, GWYNN OAK, MD, 21207",1811 Woodlawn Dr,Gwynn Oak,Baltimore,MD,21207,Woodlawn Branch,410-887-1336,See Website,https://directory.sailor.lib.md.us/library/info/?id=4
-8521293.3632,4719706.8312,56,"2260 ANNAPOLIS MALL, ANNAPOLIS, MD, 21401",2260 Annapolis Mall,Annapolis,Anne Arundel,MD,21401,Discoveries: The Library at the Mall,410-224-7784,See Website,https://directory.sailor.lib.md.us/library/info/?id=2
-8516923.0389,4756630.8889,57,"323 SOLLERS POINT ROAD, DUNDALK, MD, 21222",323 Sollers Point Road,Dundalk,Baltimore,MD,21222,Sollers Point Branch,410-288-3123,See Website,https://directory.sailor.lib.md.us/library/info/?id=4
-8435373.4789,4678066.9745,58,"123 MORRIS AVE, FEDERALSBURG, MD, 21632",123 Morris Ave,Federalsburg,Caroline,MD,21632,Federalsburg Branch,410-754-8397,jtrice@carolib.org,https://directory.sailor.lib.md.us/library/info/?id=6
-8441797.2266,4705410.7341,59,"100 MARKET ST, DENTON, MD, 21629",100 Market St,Denton,Caroline,MD,21629,Central Library,410-479-1343,info@carolib.org,https://directory.sailor.lib.md.us/library/info/?id=6
-8511191.7154,4728278.3495,60,"1168 GREEN HOLLY DR, ANNAPOLIS, MD, 21409",1168 Green Holly Dr,Annapolis,Anne Arundel,MD,21409,Broadneck Community Library,410-222-1905,bdn@aacpl.net,https://directory.sailor.lib.md.us/library/info/?id=2
-8520052.1203,4677306.8996,61,"3819 HARBOR ROAD, CHESAPEAKE BEACH, MD, 20732",3819 Harbor Road,Chesapeake Beach,Calvert,MD,20732,Twin Beaches Branch,410-257-2411,See Website,https://directory.sailor.lib.md.us/library/info/?id=5
-8791968.6758,4803236.3646,62,"76 Main St, LONACONING, MD, 21539",76 Main St,Lonaconing,Allegany,MD,21539,George`s Creek Library,301-463-2629,library-gcreek@alleganycountylibrary.info,https://directory.sailor.lib.md.us/library/info/?id=1
-8556573.2378,4813396.5171,63,"2255 HANOVER PIKE, HAMPSTEAD, MD, 21074",2255 Hanover Pike,Hampstead,Carroll,MD,21074,North Carroll Branch,410-386-4480,See Website,https://directory.sailor.lib.md.us/library/info/?id=7
-8528900.3375,4744051.9895,64,"791 EASTWAY, GLEN BURNIE, MD, 21060",791 Eastway,Glen Burnie,Anne Arundel,MD,21060,Glen Burnie Regional Library,410-222-6270,nco@aacpl.net,https://directory.sailor.lib.md.us/library/info/?id=2
-8528388.75,4753673.6685,65,"1 EAST 11TH AVENUE, BALTIMORE, MD, 21225",1 East 11Th Avenue,Baltimore,Baltimore City,MD,21225,Brooklyn Park Community Library,410-222-6260,bpk@aacpl.net,https://directory.sailor.lib.md.us/library/info/?id=2
-8564535.6261,4778802.1159,66,"6400 W HEMLOCK DR, SYKESVILLE, MD, 21784",6400 W Hemlock Dr,Sykesville,Carroll,MD,21784,Eldersburg Branch,410-386-4460,See Website,https://directory.sailor.lib.md.us/library/info/?id=7
-8583657.2145,4799943.7091,67,"1100 GREEN VALLEY ROAD, NEW WINDSOR, MD, 21776",1100 Green Valley Road,New Windsor,Carroll,MD,21776,Carroll County,410-386-4500,See Website,https://directory.sailor.lib.md.us/library/info/?id=7
-8530875.7751,4758148.0624,68,"1601 CHERRY HILL RD, BALTIMORE, MD",1601 Cherry Hill Rd,Baltimore,Baltimore City,MD,21225,Cherry Hill Branch,410-396-1168,chr@prattlibrary.org,https://directory.sailor.lib.md.us/library/info/?id=3
-8562373.0137,4796136.1124,69,"2265 OLD WESTMINSTER PIKE, FINKSBURG, MD, 21048",2265 Old Westminster Pike,Finksburg,Carroll,MD,21048,Finksburg Branch,410-386-4505,See Website,https://directory.sailor.lib.md.us/library/info/?id=7
-8442183.8357,4810682.3336,70,"301 NEWARK AVE, ELKTON, MD, 21921",301 Newark Ave,Elkton,Cecil,MD,21921,Cecil County Public Library Administrative Offices,410-996-1055,See Website,https://directory.sailor.lib.md.us/library/info/?id=8
-8442183.8357,4810682.3336,71,"301 NEWARK AVE, ELKTON, MD, 21921",301 Newark Ave,Elkton,Cecil,MD,21921,Elkton Central Library,410-996-5600,See Website,https://directory.sailor.lib.md.us/library/info/?id=8
-8440181.4614,4796430.2191,72,"2527 AUGUSTINE HERMAN HWY, CHESAPEAKE CITY, MD, 21915",2527 Augustine Herman Hwy,Chesapeake City,Cecil,MD,21915,Chesapeake City Branch,410-996-1134,See Website,https://directory.sailor.lib.md.us/library/info/?id=8
-8571115.2176,4804263.9019,73,"50 E MAIN ST, WESTMINSTER, MD, 21157",50 E Main St,Westminster,Carroll,MD,21157,Westminster Branch,410-386-4490,See Website,https://directory.sailor.lib.md.us/library/info/?id=7
-8467521.2696,4803449.0613,74,"500 COUDON BLVD, PERRYVILLE, MD, 21903",500 Coudon Blvd,Perryville,Cecil,MD,21903,Perryville Branch,410-996-6070,See Website,https://directory.sailor.lib.md.us/library/info/?id=8
-8454150.5828,4808065.3319,75,"106 W CECIL AVE, NORTH EAST, MD, 21901",106 W Cecil Ave,North East,Cecil,MD,21901,North East Branch,410-996-6269,See Website,https://directory.sailor.lib.md.us/library/info/?id=8
-8568372.0515,4654603.4505,76,"2 GARRETT AVE, LA PLATA, MD, 20646",2 Garrett Ave,La Plata,Charles,MD,20646,Charles County,301-934-9001,See Website,https://directory.sailor.lib.md.us/library/info/?id=9
-8589486.2603,4815137.0901,77,"10 GRAND DR, TANEYTOWN, MD, 21787",10 Grand Dr,Taneytown,Carroll,MD,21787,Taneytown Branch,410-386-4510,See Website,https://directory.sailor.lib.md.us/library/info/?id=7
-8568372.0515,4654603.4505,78,"2 GARRETT AVE, LA PLATA, MD, 20646",2 Garrett Ave,La Plata,Charles,MD,20646,La Plata Branch,301-934-9001,See Website,https://directory.sailor.lib.md.us/library/info/?id=9
-8466562.9946,4821788.7851,79,"111 COLONIAL WAY, RISING SUN, MD, 21911",111 Colonial Way,Rising Sun,Cecil,MD,21911,Rising Sun Branch,410-658-4025,See Website,https://directory.sailor.lib.md.us/library/info/?id=8
-8524060.673,4761899.7908,80,"1030 S. ELLWOOD STREET, BALTIMORE, MD, 21224",1030 S. Ellwood Street,Baltimore,Baltimore City,MD,21224,Canton Branch,410-396- 8548,cnt@prattlibrary.org,https://directory.sailor.lib.md.us/library/info/?id=3
-8564198.4332,4667227.1874,81,"10405 ODONNELL PL, WALDORF, MD, 20603",10405 Odonnell Pl,Waldorf,Charles,MD,20603,Waldorf West,301-645-1395,See Website,https://directory.sailor.lib.md.us/library/info/?id=9
-8560451.5887,4664743.1258,82,"50 VILLAGE ST, WALDORF, MD, 20602",50 Village St,Waldorf,Charles,MD,20602,P.D. Brown Memorial Library Branch,301-645-2864,See Website,https://directory.sailor.lib.md.us/library/info/?id=9
-8581292.9932,4667861.7492,83,"3225 RUTH B SWANN DR, INDIAN HEAD, MD, 20640",3225 Ruth B Swann Dr,Indian Head,Charles,MD,20640,Potomac Branch,301-375-7375,See Website,https://directory.sailor.lib.md.us/library/info/?id=9
-8641099.9477,4767748.4218,84,"915 N MAPLE AVE, BRUNSWICK, MD, 21716",915 N Maple Ave,Brunswick,Frederick,MD,21716,Brunswick Branch,301-600-7250,See Website,https://directory.sailor.lib.md.us/library/info/?id=12
-8444965.7685,4669000.0248,85,"222 S MAIN ST, HURLOCK, MD, 21643",222 S Main St,Hurlock,Dorchester,MD,21643,Hurlock Branch,410-943-4331,See Website,https://directory.sailor.lib.md.us/library/info/?id=10
-8468744.4991,4660420.8926,86,"303 GAY ST, CAMBRIDGE, MD, 21613",303 Gay St,Cambridge,Dorchester,MD,21613,Cambridge Branch,410-228-7331,See Website,https://directory.sailor.lib.md.us/library/info/?id=10
-8631979.4985,4785236.9806,87,"101 PROSPECT ST, MIDDLETOWN, MD, 21769",101 Prospect St,Middletown,Frederick,MD,21769,Middletown Branch,301-600-7560,See Website,https://directory.sailor.lib.md.us/library/info/?id=12
-8617084.5807,4781122.9301,88,"110 E PATRICK ST, FREDERICK, MD, 21701",110 E Patrick St,Frederick,Frederick,MD,21701,C. Burr Artz Central Library,301-600-1630,See Website,https://directory.sailor.lib.md.us/library/info/?id=12
-8528659.7202,4764022.3974,89,"ORLEANS ST, BALTIMORE, MD",Orleans St,Baltimore,Baltimore City,MD,21231,Orleans Street Branch,410-396-0970,orl@prattlibrary.org,https://directory.sailor.lib.md.us/library/info/?id=3
-8631518.7208,4761545.5805,90,"1635 BALLENGER CREEK PIKE, POINT OF ROCKS, MD, 21777",1635 Ballenger Creek Pike,Point Of Rocks,Frederick,MD,21777,Edward F. Fry Memorial Library at Point of Rocks,301-874-4560,See Website,https://directory.sailor.lib.md.us/library/info/?id=12
-8617480.2341,4809852.9983,91,"76 E MOSER ROAD, THURMONT, MD, 21788",76 E Moser Road,Thurmont,Frederick,MD,21788,Thurmont Branch,301-600-7200,See Website,https://directory.sailor.lib.md.us/library/info/?id=12
-8611016.377,4769255.0024,92,"9020 AMELUNG ST, FREDERICK, MD, 21704",9020 Amelung St,Frederick,Frederick,MD,21704,Urbana Regional Library,301-600-7000,See Website,https://directory.sailor.lib.md.us/library/info/?id=12
-8839552.3497,4780748.236,93,"6 N 2ND ST, OAKLAND, MD, 21550",6 N 2Nd St,Oakland,Garrett,MD,21550,Oakland Branch and Administration,301-334-3996,info@relib.net,https://directory.sailor.lib.md.us/library/info/?id=13
-8534209.1996,4758599.8895,94,"3224 WASHINGTON BLVD, BALTIMORE, MD",3224 Washington Blvd,Baltimore,Baltimore City,MD,21230,Washington Village Branch,410-396-1099,wsh@prattlibrary.org,https://directory.sailor.lib.md.us/library/info/?id=3
-8608263.6325,4822869.5303,95,"300 S SETON AVE, EMMITSBURG, MD, 21727",300 S Seton Ave,Emmitsburg,Frederick,MD,21727,Emmitsburg Branch,301-600-6329,See Website,https://directory.sailor.lib.md.us/library/info/?id=12
-8839326.2639,4816991.6432,96,"315 CHESTNUT ST, FRIENDSVILLE, MD, 21531",315 Chestnut St,Friendsville,Garrett,MD,21531,Friendsville Branch,301-746-5663,michele@relib.net,https://directory.sailor.lib.md.us/library/info/?id=13
-8478546.972,4795359.4876,97,"21 FRANKLIN ST, ABERDEEN, MD, 21001",21 Franklin St,Aberdeen,Harford,MD,21001,Aberdeen Branch,410-638-3151,jonesj@hcplonline.org,https://directory.sailor.lib.md.us/library/info/?id=14
-8610269.5196,4791602.4443,98,"2 S GLADE ROAD, WALKERSVILLE, MD, 21793",2 S Glade Road,Walkersville,Frederick,MD,21793,Walkersville Branch,301-600-8200,See Website,https://directory.sailor.lib.md.us/library/info/?id=12
-8815245.5935,4777283.6501,99,"288 W MAIN ST, KITZMILLER, MD, 21538",288 W Main St,Kitzmiller,Garrett,MD,21538,Kitzmiller Branch,301-334-8091,diane@relib.net,https://directory.sailor.lib.md.us/library/info/?id=13
-8482926.0259,4814159.2174,100,"1134 MAIN ST, DARLINGTON, MD, 21034",1134 Main St,Darlington,Harford,MD,21034,Darlington Branch,410-638-3750,scarpola@hcplonline.org,https://directory.sailor.lib.md.us/library/info/?id=14
-8829987.316,4812130.9144,101,"106 S NORTH ST, ACCIDENT, MD, 21520",106 S North St,Accident,Garrett,MD,21520,Accident Branch,301-746-8792,accident.branch@relib.net,https://directory.sailor.lib.md.us/library/info/?id=13
-8493476.1587,4782983.1905,102,"629 EDGEWOOD ROAD, EDGEWOOD, MD, 21040",629 Edgewood Road,Edgewood,Harford,MD,21040,Edgewood Branch,410-612-1600,stemple@hcplonline.org,https://directory.sailor.lib.md.us/library/info/?id=14
-8507779.4453,4797203.8143,103,"1461 FALLSTON ROAD, FALLSTON, MD, 21047",1461 Fallston Road,Fallston,Harford,MD,21047,Fallston Branch,410-638-3003,millert@hcplonline.org,https://directory.sailor.lib.md.us/library/info/?id=14
-8499955.2271,4780822.0524,104,"655 TOWNE CENTER DR, JOPPA, MD, 21085",655 Towne Center Dr,Joppa,Harford,MD,21085,Joppa Branch,410-612-1660,taylor@hcplonline.org,https://directory.sailor.lib.md.us/library/info/?id=14
-8513774.3572,4808261.1678,105,"3722 NORRISVILLE ROAD, JARRETTSVILLE, MD, 21084",3722 Norrisville Road,Jarrettsville,Harford,MD,21084,Jarrettsville Branch,410-692-7887,blake@hcplonline.org,https://directory.sailor.lib.md.us/library/info/?id=14
-8588911.2549,4774626.9526,106,"705 RIDGE AVE, MOUNT AIRY, MD, 21771",705 Ridge Ave,Mount Airy,Carroll,MD,21771,Mount Airy Branch,410-386-4470,See Website,https://directory.sailor.lib.md.us/library/info/?id=7
-8405395.9874,4632685.0607,107,"31901 TRI COUNTY WAY, SALISBURY, MD, 21804",31901 Tri County Way,Salisbury,Wicomico,MD,21804,Eastern Shore Regional Library,410-742-1537,See Website,https://directory.sailor.lib.md.us/library/info/?id=11
-8519789.234,4822706.1239,108,"5310 NORRISVILLE ROAD, WHITE HALL, MD, 21161",5310 Norrisville Road,White Hall,Harford,MD,21161,Norrisville Branch,410-692-7850,wemer@hcplonline.org,https://directory.sailor.lib.md.us/library/info/?id=14
-8499002.8481,4799062.4208,109,"100 E PENNSYLVANIA AVE, BEL AIR, MD, 21014",100 E Pennsylvania Ave,Bel Air,Harford,MD,21014,Bel Air Branch,410-638-3151,kovach@hcplonline.org,https://directory.sailor.lib.md.us/library/info/?id=14
-8498845.7011,4823933.1007,110,"2407 WHITEFORD ROAD, WHITEFORD, MD, 21160",2407 Whiteford Road,Whiteford,Harford,MD,21160,Whiteford Branch,410-638-3608,reeves@hcplonline.org,https://directory.sailor.lib.md.us/library/info/?id=14
-8555833.114,4751962.6495,111,"10375 LITTLE PATUXENT PKWY, COLUMBIA, MD, 21044",10375 Little Patuxent Pkwy,Columbia,Howard,MD,21044,Central Branch,410-313-7800,nina.krzysko@hclibrary.org,https://directory.sailor.lib.md.us/library/info/?id=15
-8553608.6913,4760807.9954,112,"9411 FREDERICK ROAD, ELLICOTT CITY, MD, 21042",9411 Frederick Road,Ellicott City,Howard,MD,21042,"Administrative Branch, Howard County Library System",410-313-7750,stephanie.shane@hclibrary.org,https://directory.sailor.lib.md.us/library/info/?id=15
-8542209.0048,4750548.3505,113,"6540 WASHINGTON BLVD, ELKRIDGE, MD, 21075",6540 Washington Blvd,Elkridge,Howard,MD,21075,Elkridge Branch,410-313-5077,lauren.mccloskey@hclibrary.org,https://directory.sailor.lib.md.us/library/info/?id=15
-8473087.0265,4808649.4036,114,"11 S MAIN ST, PORT DEPOSIT, MD",11 S Main St,Port Deposit,Cecil,MD,21904,Port Deposit Branch,410-996-6055,See Website,https://directory.sailor.lib.md.us/library/info/?id=8
-8553730.5375,4760836.2824,115,"9421 FREDERICK ROAD, ELLICOTT CITY, MD, 21042",9421 Frederick Road,Ellicott City,Howard,MD,21042,Miller Branch,410-313-1950,susan.stonesifer@hclibrary.org,https://directory.sailor.lib.md.us/library/info/?id=15
-8574091.8475,4765661.6497,116,"2350 ROUTE 97, COOKSVILLE, MD, 21723",2350 Route 97,Cooksville,Howard,MD,21723,Glenwood Branch,410-313-5577,mary.brosenne@hclibrary.org,https://directory.sailor.lib.md.us/library/info/?id=15
-8486101.7663,4740717.2944,117,"5585 MAIN ST, ROCK HALL, MD, 21661",5585 Main St,Rock Hall,Kent,MD,21661,Rock Hall Branch,410-639-7162,See Website,https://directory.sailor.lib.md.us/library/info/?id=16
-8588459.3201,4734079.913,118,"21 MARYLAND AVE, ROCKVILLE, MD, 20850",21 Maryland Ave,Rockville,Montgomery,MD,20850,Montgomery County Public Libraries,240-777-0016,anita.vassallo@montgomerycountymd.gov,https://directory.sailor.lib.md.us/library/info/?id=17
-8467967.7927,4751949.6545,119,"408 HIGH ST, CHESTERTOWN, MD, 21620",408 High St,Chestertown,Kent,MD,21620,Kent County Public Library,410-778-3636,See Website,https://directory.sailor.lib.md.us/library/info/?id=16
-8553401.1812,4740701.0028,120,"9525 DURNESS LN, LAUREL, MD, 20723",9525 Durness Ln,Laurel,Howard,MD,20723,Savage Branch,410-313-0760,diane.li@hclibrary.org,https://directory.sailor.lib.md.us/library/info/?id=15
-8496755.1314,4790931.6782,121,"TOLLGATE RD, ABINGDON, MD, 21009",Tollgate Rd,Abingdon,Harford,MD,21009,Abingdon Branch,410-638-3990,mittman@hcplonline.org,https://directory.sailor.lib.md.us/library/info/?id=14
-8547321.3462,4780155.5009,122,"GRAND CENTRAL AVE, OWINGS MILLS, MD, 21117",Grand Central Ave,Owings Mills,Baltimore,MD,21117,Owings Mills Branch,410-887-2092,See Website,https://directory.sailor.lib.md.us/library/info/?id=4
-8445074.0899,4779689.6956,123,"215 E. MAIN STREET, CECILTON, MD, 21913",215 E. Main Street,Cecilton,Cecil,MD,21913,Cecilton Branch,410-275-1091,See Website,https://directory.sailor.lib.md.us/library/info/?id=8
-8811611.253,4822497.1893,124,"102 PARKSIDE DRIVE, GRANTSVILLE, MD, 21536",102 Parkside Drive,Grantsville,Garrett,MD,21536,Grantsville Branch,301-895-5298,kim@relib.net,https://directory.sailor.lib.md.us/library/info/?id=13
-8438616.4362,4718289.2317,125,"111 NORTH MAIN STREET, GALENA, MD, 21635",111 North Main Street,Galena,Caroline,MD,21635,North County Branch,410-482-2173,afaggio@carolib.org,https://directory.sailor.lib.md.us/library/info/?id=6
-8582613.7084,4719275.7024,126,"7400 ARLINGTON ROAD, BETHESDA, MD, 20814",7400 Arlington Road,Bethesda,Montgomery,MD,20814,Connie Morella (Bethesda) Branch,240-777-0970,See Website,https://directory.sailor.lib.md.us/library/info/?id=17
-8580128.3751,4720402.0325,127,"8005 CONNECTICUT AVE, CHEVY CHASE, MD, 20815",8005 Connecticut Ave,Chevy Chase,Montgomery,MD,20815,Chevy Chase Branch,240-773-9590,See Website,https://directory.sailor.lib.md.us/library/info/?id=17
-8554546.3282,4749024.1567,128,"6600 CRADLEROCK WAY, COLUMBIA, MD, 21045",6600 Cradlerock Way,Columbia,Howard,MD,21045,East Columbia Branch,410-313-7770,suki.lee@hclibrary.org,https://directory.sailor.lib.md.us/library/info/?id=15
-8581481.0256,4733084.2201,129,"4407 ASPEN HILL ROAD, ROCKVILLE, MD, 20853",4407 Aspen Hill Road,Rockville,Montgomery,MD,20853,Aspen Hill Branch,240-773-9410,See Website,https://directory.sailor.lib.md.us/library/info/?id=17
-8593968.4518,4763034.2455,130,"9701 MAIN ST, DAMASCUS, MD, 20872",9701 Main St,Damascus,Montgomery,MD,20872,Damascus Branch,240-773-9444,See Website,https://directory.sailor.lib.md.us/library/info/?id=17
-8601224.9983,4747776.4496,131,"19840 CENTURY BLVD, GERMANTOWN, MD, 20874",19840 Century Blvd,Germantown,Montgomery,MD,20874,Germantown Branch,240-777-0110,See Website,https://directory.sailor.lib.md.us/library/info/?id=17
-8486522.268,4790203.2148,132,"1221 BRASS MILL ROAD, BELCAMP, MD, 21017",1221 Brass Mill Road,Belcamp,Harford,MD,21017,"Administration, Harford County Public Library",410-273-5600,See Website,https://directory.sailor.lib.md.us/library/info/?id=14
-8585939.5758,4724964.8777,133,"6400 DEMOCRACY BLVD, BETHESDA, MD, 20817",6400 Democracy Blvd,Bethesda,Montgomery,MD,20817,Davis Branch,240-777-0922,See Website,https://directory.sailor.lib.md.us/library/info/?id=17
-8446868.6539,4770700.3065,134,"101 CEDAR LANE, GREENSBORO, MD, 21639",101 Cedar Lane,Greensboro,Kent,MD,21639,North County Branch,410-648-5380,See Website,https://directory.sailor.lib.md.us/library/info/?id=16
-8594463.6342,4744338.3045,135,"18330 MONTGOMERY VILLAGE AVE, MONTGOMERY VILLAGE, MD, 20879",18330 Montgomery Village Ave,Montgomery Village,Montgomery,MD,20879,Gaithersburg Branch,240-773-9490,See Website,https://directory.sailor.lib.md.us/library/info/?id=17
-8580651.3445,4725837.8291,136,"4201 KNOWLES AVE, KENSINGTON, MD, 20895",4201 Knowles Ave,Kensington,Montgomery,MD,20895,Kensington Park Branch,240-773-9515,See Website,https://directory.sailor.lib.md.us/library/info/?id=17
-8583863.9467,4715788.0769,137,"5501 MASSACHUSETTS AVE, BETHESDA, MD, 20816",5501 Massachusetts Ave,Bethesda,Montgomery,MD,20816,Little Falls Branch,240-773-9520,See Website,https://directory.sailor.lib.md.us/library/info/?id=17
-8571732.4228,4721782.5009,138,"8800 GARLAND AVE, SILVER SPRING, MD, 20901",8800 Garland Ave,Silver Spring,Montgomery,MD,20901,Long Branch,240-777-0910,See Website,https://directory.sailor.lib.md.us/library/info/?id=17
-8565002.9201,4736322.1585,139,"14910 OLD COLUMBIA PIKE, BURTONSVILLE, MD, 20866",14910 Old Columbia Pike,Burtonsville,Montgomery,MD,20866,Marilyn J. Praisner Branch,240-773-9460,See Website,https://directory.sailor.lib.md.us/library/info/?id=17
-8579722.5416,4725189.6735,140,"10237 CARROLL PL, KENSINGTON, MD, 20895",10237 Carroll Pl,Kensington,Montgomery,MD,20895,Noyes Branch for Young Children,301-929-5533,See Website,https://directory.sailor.lib.md.us/library/info/?id=17
-8594741.3492,4724440.8775,141,"10101 GLENOLDEN DR, POTOMAC, MD, 20854",10101 Glenolden Dr,Potomac,Montgomery,MD,20854,Potomac Branch,240-777-0690,See Website,https://directory.sailor.lib.md.us/library/info/?id=17
-8588459.3201,4734079.913,142,"21 MARYLAND AVE, ROCKVILLE, MD, 20850",21 Maryland Ave,Rockville,Montgomery,MD,20850,Rockville Memorial Branch,240-777-0140,See Website,https://directory.sailor.lib.md.us/library/info/?id=17
-8599680.0985,4738301.6539,143,"15831 QUINCE ORCHARD ROAD, GAITHERSBURG, MD, 20878",15831 Quince Orchard Road,Gaithersburg,Montgomery,MD,20878,Quince Orchard Branch,240-777-0200,See Website,https://directory.sailor.lib.md.us/library/info/?id=17
-8617272.0945,4742483.156,144,"19633 FISHER AVE, POOLESVILLE, MD, 20837",19633 Fisher Ave,Poolesville,Montgomery,MD,20837,Maggie Nightingale Branch,240-773-9550,See Website,https://directory.sailor.lib.md.us/library/info/?id=17
-8470546.3791,4800542.5468,145,"120 N UNION AVE, HAVRE DE GRACE, MD, 21078",120 N Union Ave,Havre De Grace,Harford,MD,21078,Havre De Grace Branch,410-939-6700,murphy@hcplonline.org,https://directory.sailor.lib.md.us/library/info/?id=14
-8574339.7446,4720942.2135,146,"900 WAYNE AVE, SILVER SPRING, MD, 20910",900 Wayne Ave,Silver Spring,Montgomery,MD,20910,Silver Spring Branch,240-773-9420,See Website,https://directory.sailor.lib.md.us/library/info/?id=17
-8579292.6747,4743711.108,147,"3500 OLNEY LAYTONSVILLE ROAD, OLNEY, MD, 20832",3500 Olney Laytonsville Road,Olney,Montgomery,MD,20832,Olney Branch,240-773-9545,See Website,https://directory.sailor.lib.md.us/library/info/?id=17
-8570719.9628,4728558.7308,148,"11701 NEW HAMPSHIRE AVE, SILVER SPRING, MD, 20904",11701 New Hampshire Ave,Silver Spring,Montgomery,MD,20904,White Oak Branch,240-773-9555,See Website,https://directory.sailor.lib.md.us/library/info/?id=17
-8577334.9532,4728368.6117,149,"2400 ARCOLA AVE, SILVER SPRING, MD, 20902",2400 Arcola Ave,Silver Spring,Montgomery,MD,20902,Wheaton Interim Branch,240-777-0678,See Website,https://directory.sailor.lib.md.us/library/info/?id=17
-8545971.2584,4673263.3689,150,"13603 BADEN WESTWOOD ROAD, BRANDYWINE, MD, 20613",13603 Baden Westwood Road,Brandywine,Prince Georges,MD,20613,Baden Branch,301-888-1152,See Website,https://directory.sailor.lib.md.us/library/info/?id=18
-8577315.8955,4728506.1387,151,"11701 GEORGIA AVE, SILVER SPRING, MD, 20902",11701 Georgia Ave,Silver Spring,Montgomery,MD,20902,Wheaton Branch,240-777-0678,See Website,https://directory.sailor.lib.md.us/library/info/?id=17
-8584229.0411,4732433.6197,152,"202 MEADOW HALL DR, ROCKVILLE, MD, 20851",202 Meadow Hall Dr,Rockville,Montgomery,MD,20851,Twinbrook Branch,240-777-0240,See Website,https://directory.sailor.lib.md.us/library/info/?id=17
-8564325.243,4713034.394,153,"4820 ANNAPOLIS ROAD, BLADENSBURG, MD, 20710",4820 Annapolis Road,Bladensburg,Prince Georges,MD,20710,Bladensburg Branch,301-927-4916,See Website,https://directory.sailor.lib.md.us/library/info/?id=18
-8562570.6976,4726662.3615,154,"4319 SELLMAN ROAD, BELTSVILLE, MD, 20705",4319 Sellman Road,Beltsville,Prince Georges,MD,20705,Beltsville Branch,301-937-0294,See Website,https://directory.sailor.lib.md.us/library/info/?id=18
-8542880.9467,4718667.909,155,"15210 ANNAPOLIS ROAD, BOWIE, MD, 20715",15210 Annapolis Road,Bowie,Prince Georges,MD,20715,Bowie Branch,301-262-7000,See Website,https://directory.sailor.lib.md.us/library/info/?id=18
-8556042.3524,4711752.2447,156,"8724 GLENARDEN PKWY, LANHAM, MD, 20706",8724 Glenarden Pkwy,Lanham,Prince Georges,MD,20706,Glenarden Branch,301-772-5477,See Website,https://directory.sailor.lib.md.us/library/info/?id=18
-8566766.1394,4698088.1064,157,"2398 IVERSON ST, TEMPLE HILLS, MD, 20748",2398 Iverson St,Temple Hills,Prince Georges,MD,20748,Hillcrest Heights Branch,301-630-4900,See Website,https://directory.sailor.lib.md.us/library/info/?id=18
-8566357.176,4717157.0439,158,"6502 AMERICA BLVD, HYATTSVILLE, MD, 20782",6502 America Blvd,Hyattsville,Prince Georges,MD,20782,Hyattsville Branch - Temporary,301-985-4690,See Website,https://directory.sailor.lib.md.us/library/info/?id=18
-8558172.0673,4721783.3221,159,"11 CRESCENT ROAD, GREENBELT, MD, 20770",11 Crescent Road,Greenbelt,Prince Georges,MD,20770,Greenbelt Branch,301-345-5800,See Website,https://directory.sailor.lib.md.us/library/info/?id=18
-8567101.0888,4712616.4234,160,"3409 RHODE ISLAND AVE, MOUNT RAINIER, MD, 20712",3409 Rhode Island Ave,Mount Rainier,Prince Georges,MD,20712,Mount Rainier Branch,301-864-8937,See Website,https://directory.sailor.lib.md.us/library/info/?id=18
-8569803.1428,4693561.3946,161,"6200 OXON HILL ROAD, OXON HILL, MD, 20745",6200 Oxon Hill Road,Oxon Hill,Prince Georges,MD,20745,Oxon Hill Branch,301-839-2400,See Website,https://directory.sailor.lib.md.us/library/info/?id=18
-8553641.9232,4706136.7005,162,"9601 CAPITAL LANE, UPPER MARLBORO, MD, 20774",9601 Capital Lane,Upper Marlboro,Prince Georges,MD,20774,Largo-Kettering Branch,301-336-4044,See Website,https://directory.sailor.lib.md.us/library/info/?id=18
-8542588.0391,4707762.5841,163,"15301 HALL ROAD, BOWIE, MD, 20721",15301 Hall Road,Bowie,Prince Georges,MD,20721,South Bowie Branch,301-850-0475,See Website,https://directory.sailor.lib.md.us/library/info/?id=18
-8555591.7795,4736479.1752,164,"507 SEVENTH ST, LAUREL, MD, 20707",507 Seventh St,Laurel,Prince Georges,MD,20707,Laurel Branch,301-776-6790,See Website,https://directory.sailor.lib.md.us/library/info/?id=18
-8558536.1063,4716283.7655,165,"7414 RIVERDALE ROAD, HYATTSVILLE, MD, 20784",7414 Riverdale Road,Hyattsville,Prince Georges,MD,20784,New Carrollton Branch,301-459-6900,See Website,https://directory.sailor.lib.md.us/library/info/?id=18
-8562110.0125,4707805.459,166,"5904 KOLB ST, CAPITOL HEIGHTS, MD, 20743",5904 Kolb St,Capitol Heights,Prince Georges,MD,20743,Fairmount Heights Branch,301-883-2650,See Website,https://directory.sailor.lib.md.us/library/info/?id=18
-8562147.9859,4687468.3366,167,"9400 PISCATAWAY ROAD, CLINTON, MD, 20735",9400 Piscataway Road,Clinton,Prince Georges,MD,20735,Surratts-Clinton Branch,301-868-9200,See Website,https://directory.sailor.lib.md.us/library/info/?id=18
-8494304.7768,4718690.118,168,"200 LIBRARY CIR, STEVENSVILLE, MD, 21666",200 Library Cir,Stevensville,Queen Annes,MD,21666,Kent Island Branch,410-643-8161,See Website,https://directory.sailor.lib.md.us/library/info/?id=19
-8543862.095,4695479.3649,169,"14730 MAIN ST, UPPER MARLBORO, MD, 20772",14730 Main St,Upper Marlboro,Prince Georges,MD,20772,Upper Marlboro Branch,301-627-9330,See Website,https://directory.sailor.lib.md.us/library/info/?id=18
-8530533.7161,4622841.8113,170,"23250 HOLLYWOOD ROAD, LEONARDTOWN, MD, 20650",23250 Hollywood Road,Leonardtown,St. Marys,MD,20650,Leonardtown Branch,301-475-2846,See Website,https://directory.sailor.lib.md.us/library/info/?id=20
-8577710.0305,4669583.9262,171,"18501 LIVINGSTON RD, ACCOKEEK, MD, 20607",18501 Livingston Rd,Accokeek,Prince Georges,MD,20607,Accokeek Branch,301-292-2880,See Website,https://directory.sailor.lib.md.us/library/info/?id=18
-8426016.7017,4608345.0477,172,"11767 BEECHWOOD ST, PRINCESS ANNE, MD, 21853",11767 Beechwood St,Princess Anne,Somerset,MD,21853,Princess Anne Branch,410-651-0852,khodgson@somelibrary.org,https://directory.sailor.lib.md.us/library/info/?id=21
-8444057.0541,4577322.3892,173,"100 COLLINS ST, CRISFIELD, MD, 21817",100 Collins St,Crisfield,Somerset,MD,21817,Crisfield Branch,410-968-0955,jbradshaw@somelibrary.org,https://directory.sailor.lib.md.us/library/info/?id=21
-8704022.1483,4822447.942,174,"220 PARK ROAD, HANCOCK, MD, 21750",220 Park Road,Hancock,Washington,MD,21750,Hancock War Memorial Library Branch,301-678-5300,See Website,https://directory.sailor.lib.md.us/library/info/?id=25
-8675744.425,4816231.6299,175,"12624 BROADFORDING ROAD, CLEAR SPRING, MD, 21722",12624 Broadfording Road,Clear Spring,Washington,MD,21722,Leonard P. Snyder Memorial Branch Library,301-842-2730,See Website,https://directory.sailor.lib.md.us/library/info/?id=25
-8528998.0138,4763948.4595,176,"400 CATHEDRAL ST, BALTIMORE, MD, 21201",400 Cathedral St,Baltimore,Baltimore City,MD,21201,State Library Resource Center (SLRC),410-396-5429,See Website,https://directory.sailor.lib.md.us/library/info/?id=23
-8463736.0817,4578729.6876,177,"20910 CALEB JONES ROAD, EWELL, MD, 21824",20910 Caleb Jones Road,Ewell,Somerset,MD,21824,Ewell Branch,410-425-5141,See Website,https://directory.sailor.lib.md.us/library/info/?id=21
-8654900.909,4787512.0571,178,"106 E MAIN ST, SHARPSBURG, MD, 21782",106 E Main St,Sharpsburg,Washington,MD,21782,Sharpsburg Public Library Branch,301-432-8825,See Website,https://directory.sailor.lib.md.us/library/info/?id=25
-8649382.3633,4791823.4878,179,"TAYLOR DR, KEEDYSVILLE, MD",Taylor Dr,Keedysville,Washington,MD,21756,Keedysville Library Branch,301-432-6641,See Website,https://directory.sailor.lib.md.us/library/info/?id=25
-8511179.4254,4616449.6309,180,"21677 FDR BLVD, LEXINGTON PARK, MD, 20653",21677 Fdr Blvd,Lexington Park,St. Marys,MD,20653,Lexington Park Branch,301-863-8188,See Website,https://directory.sailor.lib.md.us/library/info/?id=20
-8546676.9453,4646580.1257,181,"37600 NEW MARKET ROAD, CHARLOTTE HALL, MD, 20622",37600 New Market Road,Charlotte Hall,St. Marys,MD,20622,Charlotte Hall Branch,301-884-2211,See Website,https://directory.sailor.lib.md.us/library/info/?id=20
-8561070.9024,4700570.3297,182,"5811 OLD SILVER HILL ROAD, DISTRICT HEIGHTS, MD, 20747",5811 Old Silver Hill Road,District Heights,Prince Georges,MD,20747,Spauldings Branch,301-817-3750,See Website,https://directory.sailor.lib.md.us/library/info/?id=18
-8467548.5537,4727874.0989,183,"121 S COMMERCE ST, CENTREVILLE, MD, 21617",121 S Commerce St,Centreville,Queen Annes,MD,21617,Centreville Branch,410-758-0980,See Website,https://directory.sailor.lib.md.us/library/info/?id=19
-8636206.3388,4815773.5442,184,"66 W WATER ST, SMITHSBURG, MD, 21783",66 W Water St,Smithsburg,Washington,MD,21783,Smithsburg Library Branch,301-824-7722,See Website,https://directory.sailor.lib.md.us/library/info/?id=25
-8651881.3087,4813818.5143,185,"100 S POTOMAC ST, HAGERSTOWN, MD, 21740",100 S Potomac St,Hagerstown,Washington,MD,21740,Washington County,301-739-3250,See Website,https://directory.sailor.lib.md.us/library/info/?id=25
-8662574.5619,4808059.6092,186,"104 E POTOMAC ST, WILLIAMSPORT, MD, 21795",104 E Potomac St,Williamsport,Washington,MD,21795,Williamsport Memorial Library Branch,301-223-7027,See Website,https://directory.sailor.lib.md.us/library/info/?id=25
-8373534.9123,4626044.9132,187,"220 N MAIN ST, BERLIN, MD, 21811",220 N Main St,Berlin,Worcester,MD,21811,Berlin Branch,410-641-0650,berlin@worcesterlibrary.org,https://directory.sailor.lib.md.us/library/info/?id=28
-8395749.2846,4634873.3437,188,"34372 OLD OCEAN CITY ROAD, PITTSVILLE, MD, 21850",34372 Old Ocean City Road,Pittsville,Wicomico,MD,21850,Pittsville Branch,410-835-2353,kerryo@wicomico.org,https://directory.sailor.lib.md.us/library/info/?id=27
-8651881.3087,4813818.5143,189,"100 S POTOMAC ST, HAGERSTOWN, MD, 21740",100 S Potomac St,Hagerstown,Washington,MD,21740,Western Maryland Regional Library,301-739-3250,wmrl@washcolibrary.org,https://directory.sailor.lib.md.us/library/info/?id=26
-8355454.0184,4638010.9319,190,"10003 COASTAL HWY, OCEAN CITY, MD, 21842",10003 Coastal Hwy,Ocean City,Worcester,MD,21842,Ocean City Branch,410-524-1818,oceancity@worcesterlibrary.org,https://directory.sailor.lib.md.us/library/info/?id=28
-8367475.5245,4633242.3053,191,"11107 CATHELL ROAD, BERLIN, MD, 21811",11107 Cathell Road,Berlin,Worcester,MD,21811,Ocean Pines Branch,410-208-4014,oceanpines@worcesterlibrary.org,https://directory.sailor.lib.md.us/library/info/?id=28
-8392857.2844,4604625.2122,192,"307 N WASHINGTON ST, SNOW HILL, MD, 21863",307 N Washington St,Snow Hill,Worcester,MD,21863,Snow Hill Branch,410-632-3495,snowhill@worcesterlibrary.org,https://directory.sailor.lib.md.us/library/info/?id=28
-8411997.3469,4589902.3746,193,"301 MARKET ST, POCOMOKE CITY, MD, 21851",301 Market St,Pocomoke City,Worcester,MD,21851,Pocomoke Branch,410-957-0878,pocomoke@worcesterlibrary.org,https://directory.sailor.lib.md.us/library/info/?id=28
-8415854.9697,4630994.4256,194,"122 S DIVISION ST, SALISBURY, MD, 21801",122 S Division St,Salisbury,Wicomico,MD,21801,"Downtown Library, Wicomico County",410-749-3612,askus@wicomico.org,https://directory.sailor.lib.md.us/library/info/?id=27
-8468958.8232,4689358.6645,195,"100 W DOVER ST, EASTON, MD, 21601",100 W Dover St,Easton,Talbot,MD,21601,Main Library,410-822-1626,askus@tcfl.org,https://directory.sailor.lib.md.us/library/info/?id=24
-8415260.1369,4631448.0648,196,"N SALISBURY BLVD, SALISBURY, MD",N Salisbury Blvd,Salisbury,Wicomico,MD,21801,Centre Branch,410-546-5397,sewell@wicomico.org,https://directory.sailor.lib.md.us/library/info/?id=27
-8485366.4416,4691150.114,197,"106 N FREMONT ST, SAINT MICHAELS, MD, 21663",106 N Fremont St,Saint Michaels,Talbot,MD,21663,St. Michaels Branch,410-745-5877,sbeulah@tcfl.org,https://directory.sailor.lib.md.us/library/info/?id=24
-8645159.1346,4794206.2036,198,"401 POTOMAC ST, BOONSBORO, MD, 21713",401 Potomac St,Boonsboro,Washington,MD,21713,Boonsboro Free Library Branch,301-432-5723,See Website,https://directory.sailor.lib.md.us/library/info/?id=25
